"column_name","dtype","total_rows","missing_count","missing_pct","unique_count","is_critical","zone","dataset_name","execution_date"
"lzone","string","628253","628162","99.99","3","false","bronze","LFA1","2026-03-13"
"xlfza","boolean","628253","0","0.0","2","false","bronze","LFA1","2026-03-13"
"cod_postal_apdo","float64","89615","89615","100.0","0","false","gold","proveedor_360","2026-03-13"
"cod_postal_emp","float64","89615","89615","100.0","0","false","gold","proveedor_360","2026-03-13"
"ktock","string","628253","628253","100.0","0","false","bronze","LFA1","2026-03-13"
"werks","string","628253","628155","99.98","12","false","bronze","LFA1","2026-03-13"
"mc_name1","string","2490793","52050","2.09","239419","false","bronze","ADRC","2026-03-13"
"mc_city1","string","2490793","6354","0.26","1545","false","bronze","ADRC","2026-03-13"
"location","string","2490793","2490733","100.0","8","false","bronze","ADRC","2026-03-13"
"lzone","string","987340","987197","99.99","3","false","bronze","LFA1","2026-03-17"
"xlfza","boolean","987340","0","0.0","2","false","bronze","LFA1","2026-03-17"
"nom2_direccion","object","89615","86968","97.05","1145","false","gold","proveedor_360","2026-03-13"
"cam_text","float64","538370","538370","100.0","0","false","gold","proveedor_por_direcciones","2026-03-13"
"nom3_direccion","object","89615","17734","19.79","24311","false","gold","proveedor_360","2026-03-13"
"nom_co","float64","538370","538370","100.0","0","true","gold","proveedor_por_direcciones","2026-03-13"
"bloq_cont_soc","object","596228","180","0.03","2","false","gold","proveedor_por_sociedad","2026-03-13"
"cta_conta","object","596228","210","0.04","58","false","gold","proveedor_por_sociedad","2026-03-13"
"edificio","float64","538370","538370","100.0","0","false","gold","proveedor_por_direcciones","2026-03-13"
"piso","float64","538370","538370","100.0","0","false","gold","proveedor_por_direcciones","2026-03-13"
"nom1","object","546194","0","0.0","76654","false","gold","proveedor_por_datos_bancarios","2026-03-13"
"ktokk","string","628253","0","0.0","37","false","bronze","LFA1","2026-03-13"
"ref_ban_cta","object","89615","49106","54.8","72","false","gold","proveedor_360","2026-03-13"
"titular_cta","object","89615","49005","54.68","33938","false","gold","proveedor_360","2026-03-13"
"proveedor_id","object","89615","0","0.0","89605","false","gold","proveedor_360","2026-03-13"
"pais_id","object","89615","0","0.0","39","false","gold","proveedor_360","2026-03-13"
"deudor_id","object","546194","342614","62.73","32233","false","gold","proveedor_por_datos_bancarios","2026-03-13"
"fax_ext","object","538370","538190","99.97","19","false","gold","proveedor_por_direcciones","2026-03-13"
"correo","object","538370","0","0.0","2","false","gold","proveedor_por_direcciones","2026-03-13"
"ktokk","string","987340","0","0.0","37","false","bronze","LFA1","2026-03-17"
"ind_borr","object","538370","0","0.0","2","false","gold","proveedor_por_direcciones","2026-03-13"
"bloq_central","object","538370","0","0.0","2","false","gold","proveedor_por_direcciones","2026-03-13"
"tel_extens","string","2490793","2482111","99.65","96","false","bronze","ADRC","2026-03-13"
"sperz","boolean","628253","0","0.0","1","false","bronze","LFA1","2026-03-13"
"zona_trans","object","546194","546116","99.99","3","false","gold","proveedor_por_datos_bancarios","2026-03-13"
"idioma_id","object","546194","0","0.0","5","false","gold","proveedor_por_datos_bancarios","2026-03-13"
"zona_trans","object","538370","538292","99.99","3","false","gold","proveedor_por_direcciones","2026-03-13"
"ind_rec_alt_pgo","object","538370","0","0.0","2","false","gold","proveedor_por_direcciones","2026-03-13"
"ort02","string","987340","987340","100.0","0","false","bronze","LFA1","2026-03-17"
"name1","string","987340","0","0.0","76672","false","bronze","LFA1","2026-03-17"
"spras","string","987340","0","0.0","5","false","bronze","LFA1","2026-03-17"
"lifnr","string","987340","0","0.0","89780","true","bronze","LFA1","2026-03-17"
"bloq_compras","object","596228","0","0.0","2","false","gold","proveedor_por_sociedad","2026-03-13"
"tip_doc","object","596228","132","0.02","9","false","gold","proveedor_por_sociedad","2026-03-13"
"ort02","string","628253","628253","100.0","0","false","bronze","LFA1","2026-03-13"
"erdat","timestamp","628253","0","0.0","4361","false","bronze","LFA1","2026-03-13"
"stcd1","string","628253","154","0.02","78084","false","bronze","LFA1","2026-03-13"
"stcd2","string","628253","628253","100.0","0","false","bronze","LFA1","2026-03-13"
"fityp","string","628253","154","0.02","25","false","bronze","LFA1","2026-03-13"
"pet_borr_reg_m","object","596228","180","0.03","2","false","gold","proveedor_por_sociedad","2026-03-13"
"fec_creacion","object","546194","0","0.0","4361","false","gold","proveedor_por_datos_bancarios","2026-03-13"
"usuario_crea","object","538370","0","0.0","34","false","gold","proveedor_por_direcciones","2026-03-13"
"gpo_cta","object","538370","0","0.0","37","false","gold","proveedor_por_direcciones","2026-03-13"
"langu_crea","string","2490793","0","0.0","3","false","bronze","ADRC","2026-03-13"
"country","string","2490793","6","0.0","41","false","bronze","ADRC","2026-03-13"
"dlgrp","string","987340","938083","95.01","1","false","bronze","LFA1","2026-03-17"
"sperm","boolean","987340","0","0.0","2","false","bronze","LFA1","2026-03-17"
"pet_borr_reg_m","object","89615","30","0.03","2","false","gold","proveedor_360","2026-03-13"
"cta_conta","object","89615","35","0.04","57","false","gold","proveedor_360","2026-03-13"
"cta_dicorp","object","89615","25886","28.89","997","false","gold","proveedor_360","2026-03-13"
"nom_acre","object","89615","25948","28.95","1650","false","gold","proveedor_360","2026-03-13"
"calle","object","89615","6","0.01","68906","false","gold","proveedor_360","2026-03-13"
"calle_2","object","89615","89385","99.74","140","false","gold","proveedor_360","2026-03-13"
"sociedad","object","89615","30","0.03","4","false","gold","proveedor_360","2026-03-13"
"bloq_cont_soc","object","89615","30","0.03","2","false","gold","proveedor_360","2026-03-13"
"nota","object","596228","382247","64.11","103","false","gold","proveedor_por_sociedad","2026-03-13"
"gpo_tes","object","596228","216","0.04","37","false","gold","proveedor_por_sociedad","2026-03-13"
"pfach","string","987340","987340","100.0","0","false","bronze","LFA1","2026-03-17"
"num_linea","object","89615","3649","4.07","4363","false","gold","proveedor_360","2026-03-13"
"fec_creacion","object","89615","0","0.0","4342","false","gold","proveedor_360","2026-03-13"
"usuario_crea","object","89615","0","0.0","34","false","gold","proveedor_360","2026-03-13"
"gpo_cta","object","89615","0","0.0","37","false","gold","proveedor_360","2026-03-13"
"ext_tel","object","538370","537794","99.89","63","false","gold","proveedor_por_direcciones","2026-03-13"
"pais","object","89615","0","0.0","39","false","gold","proveedor_360","2026-03-13"
"idioma","object","89615","0","0.0","5","false","gold","proveedor_360","2026-03-13"
"fax","object","538370","520155","96.62","2216","false","gold","proveedor_por_direcciones","2026-03-13"
"calle_2","object","538370","536922","99.73","153","true","gold","proveedor_por_direcciones","2026-03-13"
"calle_3","object","538370","538358","100.0","2","true","gold","proveedor_por_direcciones","2026-03-13"
"idioma_id","object","596228","0","0.0","5","false","gold","proveedor_por_sociedad","2026-03-13"
"idi_crea","object","89615","0","0.0","2","false","gold","proveedor_360","2026-03-13"
"dir_id","object","89615","54776","61.12","34835","false","gold","proveedor_360","2026-03-13"
"u_nom1","object","538370","0","0.0","76277","false","gold","proveedor_por_direcciones","2026-03-13"
"u_ciudad","object","538370","402","0.07","1365","false","gold","proveedor_por_direcciones","2026-03-13"
"calle_4","object","538370","537916","99.92","7","false","gold","proveedor_por_direcciones","2026-03-13"
"calle_5","object","538370","538352","100.0","2","false","gold","proveedor_por_direcciones","2026-03-13"
"dml_status","string","2490793","2490793","100.0","0","false","bronze","ADRC","2026-03-13"
"delta_token","string","2490793","2490793","100.0","0","false","bronze","ADRC","2026-03-13"
"str_suppl1","string","2490793","914071","36.7","29006","false","bronze","ADRC","2026-03-13"
"str_suppl2","string","2490793","1081341","43.41","127067","false","bronze","ADRC","2026-03-13"
"ind_borr","object","89615","0","0.0","2","false","gold","proveedor_360","2026-03-13"
"bloq_central","object","89615","0","0.0","2","false","gold","proveedor_360","2026-03-13"
"u_calle","object","538370","36","0.01","68651","false","gold","proveedor_por_direcciones","2026-03-13"
"ext_1","object","538370","18426","3.42","4386","false","gold","proveedor_por_direcciones","2026-03-13"
"ext_2","float64","538370","538370","100.0","0","false","gold","proveedor_por_direcciones","2026-03-13"
"idi_crea","object","538370","0","0.0","2","false","gold","proveedor_por_direcciones","2026-03-13"
"deudor_id","object","538370","340019","63.16","32233","false","gold","proveedor_por_direcciones","2026-03-13"
"num_recep_alt","object","538370","537852","99.9","73","false","gold","proveedor_por_direcciones","2026-03-13"
"gpo_esquema","object","89615","85141","95.01","1","false","gold","proveedor_360","2026-03-13"
"clase_impto","object","89615","22","0.02","25","true","gold","proveedor_360","2026-03-13"
"tip_doc","object","89615","22","0.02","9","false","gold","proveedor_360","2026-03-13"
"id_cta_prov","object","89615","30","0.03","89575","false","gold","proveedor_360","2026-03-13"
"bloq_compras","object","546194","0","0.0","2","false","gold","proveedor_por_datos_bancarios","2026-03-13"
"date_to","timestamp","2490793","2490793","100.0","0","false","bronze","ADRC","2026-03-13"
"tratamiento","object","596228","96","0.02","6","false","gold","proveedor_por_sociedad","2026-03-13"
"ind_rec_alt_pgo","object","546194","0","0.0","2","false","gold","proveedor_por_datos_bancarios","2026-03-13"
"num_dir","object","89615","0","0.0","89605","false","gold","proveedor_360","2026-03-13"
"fec_desde","object","89615","0","0.0","1","false","gold","proveedor_360","2026-03-13"
"fax","object","89615","86580","96.61","2215","false","gold","proveedor_360","2026-03-13"
"fax_ext","object","89615","89585","99.97","19","false","gold","proveedor_360","2026-03-13"
"pob","object","538370","402","0.07","1378","false","gold","proveedor_por_direcciones","2026-03-13"
"reg","object","538370","24","0.0","152","false","gold","proveedor_por_direcciones","2026-03-13"
"stcdt","string","628253","154","0.02","9","false","bronze","LFA1","2026-03-13"
"sperm","boolean","628253","0","0.0","2","false","bronze","LFA1","2026-03-13"
"num_linea","object","538370","18426","3.42","4384","false","gold","proveedor_por_direcciones","2026-03-13"
"fec_creacion","object","538370","0","0.0","4361","false","gold","proveedor_por_direcciones","2026-03-13"
"ernam","string","628253","0","0.0","34","false","bronze","LFA1","2026-03-13"
"ernam","string","987340","0","0.0","34","false","bronze","LFA1","2026-03-17"
"nom_co","float64","89615","89615","100.0","0","false","gold","proveedor_360","2026-03-13"
"pob1","object","89615","67","0.07","1378","false","gold","proveedor_360","2026-03-13"
"dis2","float64","89615","89615","100.0","0","false","gold","proveedor_360","2026-03-13"
"cod_postal_pob","object","89615","42826","47.79","1413","false","gold","proveedor_360","2026-03-13"
"nom1","object","596228","0","0.0","76654","false","gold","proveedor_por_sociedad","2026-03-13"
"flagcomm6","boolean","2490793","0","0.0","2","false","bronze","ADRC","2026-03-13"
"ind_rec_alt_pgo","object","596228","0","0.0","2","false","gold","proveedor_por_sociedad","2026-03-13"
"ktock","string","987340","987340","100.0","0","false","bronze","LFA1","2026-03-17"
"werks","string","987340","987186","99.98","12","false","bronze","LFA1","2026-03-17"
"nom1","object","89615","0","0.0","76527","true","gold","proveedor_360","2026-03-13"
"nom2","object","89615","86968","97.05","1142","true","gold","proveedor_360","2026-03-13"
"erdat","timestamp","987340","0","0.0","4363","false","bronze","LFA1","2026-03-17"
"land1","string","987340","0","0.0","39","false","bronze","LFA1","2026-03-17"
"lnrza","string","987340","986394","99.9","73","false","bronze","LFA1","2026-03-17"
"nit_dv","object","538370","132","0.02","78082","false","gold","proveedor_por_direcciones","2026-03-13"
"per_jur","object","538370","435231","80.84","1","false","gold","proveedor_por_direcciones","2026-03-13"
"cta","object","546194","293985","53.82","40760","true","gold","proveedor_por_datos_bancarios","2026-03-13"
"usuario_crea","object","546194","0","0.0","34","false","gold","proveedor_por_datos_bancarios","2026-03-13"
"nom1","object","538370","0","0.0","76654","true","gold","proveedor_por_direcciones","2026-03-13"
"nom2","object","538370","522458","97.04","1145","true","gold","proveedor_por_direcciones","2026-03-13"
"sperr","boolean","987340","0","0.0","2","false","bronze","LFA1","2026-03-17"
"loevm","boolean","628253","0","0.0","2","false","bronze","LFA1","2026-03-13"
"zona_trans_direccion","object","538370","538292","99.99","3","false","gold","proveedor_por_direcciones","2026-03-13"
"calle","object","538370","36","0.01","69087","true","gold","proveedor_por_direcciones","2026-03-13"
"clav_ban","object","89615","48986","54.66","42","false","gold","proveedor_360","2026-03-13"
"num_ban","object","89615","48986","54.66","33941","false","gold","proveedor_360","2026-03-13"
"cl_crtl_ban","object","89615","49093","54.78","20","false","gold","proveedor_360","2026-03-13"
"tpo_ban","object","89615","49764","55.53","18","false","gold","proveedor_360","2026-03-13"
"cl_crtl_ban","object","546194","294645","53.95","20","false","gold","proveedor_por_datos_bancarios","2026-03-13"
"nom_acre","object","596228","192307","32.25","1714","false","gold","proveedor_por_sociedad","2026-03-13"
"title","string","2490793","52356","2.1","5","false","bronze","ADRC","2026-03-13"
"proveedor_id","object","538370","0","0.0","89763","false","gold","proveedor_por_direcciones","2026-03-13"
"pais_id","object","538370","0","0.0","39","false","gold","proveedor_por_direcciones","2026-03-13"
"proveedor_id","object","546194","0","0.0","89763","false","gold","proveedor_por_datos_bancarios","2026-03-13"
"regio","string","628253","28","0.0","152","true","bronze","LFA1","2026-03-13"
"sperq","string","628253","484790","77.16","3","false","bronze","LFA1","2026-03-13"
"nit_dv","object","546194","132","0.02","78082","false","gold","proveedor_por_datos_bancarios","2026-03-13"
"tip_doc","object","546194","132","0.02","9","false","gold","proveedor_por_datos_bancarios","2026-03-13"
"reg_direccion","object","89615","4","0.0","152","false","gold","proveedor_360","2026-03-13"
"gpo_dir","object","89615","0","0.0","1","false","gold","proveedor_360","2026-03-13"
"werkr","boolean","628253","0","0.0","1","false","bronze","LFA1","2026-03-13"
"nom2","object","596228","578048","96.95","1145","false","gold","proveedor_por_sociedad","2026-03-13"
"pcode2_ext","string","2490793","2490793","100.0","0","false","bronze","ADRC","2026-03-13"
"dir","object","546194","0","0.0","89763","false","gold","proveedor_por_datos_bancarios","2026-03-13"
"lifnr","string","628253","0","0.0","89763","true","bronze","LFA1","2026-03-13"
"name4","string","628253","125519","19.98","44095","false","bronze","LFA1","2026-03-13"
"gpo_esquema","object","596228","565266","94.81","1","false","gold","proveedor_por_sociedad","2026-03-13"
"clase_impto","object","596228","132","0.02","25","false","gold","proveedor_por_sociedad","2026-03-13"
"qssys","string","628253","628253","100.0","0","false","bronze","LFA1","2026-03-13"
"per_jur","object","546194","442971","81.1","1","false","gold","proveedor_por_datos_bancarios","2026-03-13"
"nom4_direccion","object","89615","17870","19.94","44026","false","gold","proveedor_360","2026-03-13"
"cam_text","float64","89615","89615","100.0","0","false","gold","proveedor_360","2026-03-13"
"sortl","string","628253","35","0.01","76666","false","bronze","LFA1","2026-03-13"
"num_recep_alt","object","546194","545644","99.9","73","false","gold","proveedor_por_datos_bancarios","2026-03-13"
"dml_status","string","628253","628253","100.0","0","false","bronze","LFA1","2026-03-13"
"delta_token","string","628253","628253","100.0","0","false","bronze","LFA1","2026-03-13"
"func_bloq","object","596228","458814","76.95","3","false","gold","proveedor_por_sociedad","2026-03-13"
"amp2_ext","float64","538370","538370","100.0","0","false","gold","proveedor_por_direcciones","2026-03-13"
"amp3_ext","float64","538370","538370","100.0","0","false","gold","proveedor_por_direcciones","2026-03-13"
"nit","object","546194","30","0.01","76665","false","gold","proveedor_por_datos_bancarios","2026-03-13"
"fax_number","string","2490793","1882935","75.6","2405","false","bronze","ADRC","2026-03-13"
"fax_extens","string","2490793","1923213","77.21","1342","false","bronze","ADRC","2026-03-13"
"ind_borr","object","596228","0","0.0","2","false","gold","proveedor_por_sociedad","2026-03-13"
"bloq_central","object","596228","0","0.0","2","false","gold","proveedor_por_sociedad","2026-03-13"
"sperz","boolean","987340","0","0.0","1","false","bronze","LFA1","2026-03-17"
"ort01","string","628253","469","0.07","1428","false","bronze","LFA1","2026-03-13"
"ref_ban_cta","object","546194","294705","53.96","75","false","gold","proveedor_por_datos_bancarios","2026-03-13"
"titular_cta","object","546194","294099","53.85","34074","false","gold","proveedor_por_datos_bancarios","2026-03-13"
"kunnr","string","987340","623344","63.13","32231","true","bronze","LFA1","2026-03-17"
"clase_impto","object","546194","132","0.02","25","true","gold","proveedor_por_datos_bancarios","2026-03-13"
"sperr","boolean","628253","0","0.0","2","false","bronze","LFA1","2026-03-13"
"ramo_id","object","546194","132","0.02","646","false","gold","proveedor_por_datos_bancarios","2026-03-13"
"num_linea","object","546194","18453","3.38","4384","false","gold","proveedor_por_datos_bancarios","2026-03-13"
"con_busq_2","object","538370","132","0.02","52","false","gold","proveedor_por_direcciones","2026-03-13"
"tel","object","538370","71533","13.29","63098","true","gold","proveedor_por_direcciones","2026-03-13"
"num_recep_alt","object","596228","595578","99.89","73","false","gold","proveedor_por_sociedad","2026-03-13"
"name_text","string","2490793","2490793","100.0","0","false","bronze","ADRC","2026-03-13"
"spras","string","628253","0","0.0","5","false","bronze","LFA1","2026-03-13"
"fec_hasta","object","538370","0","0.0","1","false","gold","proveedor_por_direcciones","2026-03-13"
"tratamiento_direccion","object","538370","96","0.02","5","false","gold","proveedor_por_direcciones","2026-03-13"
"nom1_direccion","object","538370","0","0.0","76706","false","gold","proveedor_por_direcciones","2026-03-13"
"nom2_direccion","object","538370","522458","97.04","1148","false","gold","proveedor_por_direcciones","2026-03-13"
"loevm","boolean","987340","0","0.0","2","false","bronze","LFA1","2026-03-17"
"name1","string","628253","0","0.0","76655","false","bronze","LFA1","2026-03-13"
"fec_desde","object","538370","0","0.0","1","false","gold","proveedor_por_direcciones","2026-03-13"
"ind_version","float64","538370","538370","100.0","0","false","gold","proveedor_por_direcciones","2026-03-13"
"pcode1_ext","string","2490793","2490793","100.0","0","false","bronze","ADRC","2026-03-13"
"pais_id","object","596228","0","0.0","39","false","gold","proveedor_por_sociedad","2026-03-13"
"centro","object","596228","596132","99.98","12","false","gold","proveedor_por_sociedad","2026-03-13"
"brsch","string","628253","154","0.02","646","false","bronze","LFA1","2026-03-13"
"ltsna","boolean","628253","0","0.0","1","false","bronze","LFA1","2026-03-13"
"datlt","string","628253","20687","3.29","4368","false","bronze","LFA1","2026-03-13"
"plkal","string","628253","628253","100.0","0","false","bronze","LFA1","2026-03-13"
"sperq","string","987340","761963","77.17","3","false","bronze","LFA1","2026-03-17"
"city2","string","2490793","2490757","100.0","5","false","bronze","ADRC","2026-03-13"
"street","string","2490793","10986","0.44","261191","true","bronze","ADRC","2026-03-13"
"stcdt","string","987340","242","0.02","9","false","bronze","LFA1","2026-03-17"
"pfach","string","628253","628253","100.0","0","false","bronze","LFA1","2026-03-13"
"stcd1","string","987340","242","0.02","78100","false","bronze","LFA1","2026-03-17"
"stcd2","string","987340","987340","100.0","0","false","bronze","LFA1","2026-03-17"
"per_jur","object","596228","484827","81.32","1","false","gold","proveedor_por_sociedad","2026-03-13"
"ramo_id","object","596228","132","0.02","646","false","gold","proveedor_por_sociedad","2026-03-13"
"werkr","boolean","987340","0","0.0","1","false","bronze","LFA1","2026-03-17"
"gpo_esquema","object","546194","519168","95.05","1","false","gold","proveedor_por_datos_bancarios","2026-03-13"
"str_suppl3","string","2490793","2056897","82.58","71448","false","bronze","ADRC","2026-03-13"
"gpo_cta","object","596228","0","0.0","37","false","gold","proveedor_por_sociedad","2026-03-13"
"transpzone","string","2490793","586768","23.56","1013","false","bronze","ADRC","2026-03-13"
"nit_dv","object","596228","132","0.02","78082","false","gold","proveedor_por_sociedad","2026-03-13"
"tratamiento","object","89615","16","0.02","6","false","gold","proveedor_360","2026-03-13"
"ramo_id","object","89615","22","0.02","646","false","gold","proveedor_360","2026-03-13"
"stkzn","string","628253","507878","80.84","1","false","bronze","LFA1","2026-03-13"
"nation","string","2490793","2490793","100.0","0","false","bronze","ADRC","2026-03-13"
"langu","string","2490793","246","0.01","8","false","bronze","ADRC","2026-03-13"
"nom4","object","546194","111466","20.41","44076","false","gold","proveedor_por_datos_bancarios","2026-03-13"
"sortl","string","987340","55","0.01","76682","false","bronze","LFA1","2026-03-17"
"ltsna","boolean","987340","0","0.0","1","false","bronze","LFA1","2026-03-17"
"amp1_ext","float64","89615","89615","100.0","0","false","gold","proveedor_360","2026-03-13"
"amp2_ext","float64","89615","89615","100.0","0","false","gold","proveedor_360","2026-03-13"
"amp3_ext","float64","89615","89615","100.0","0","false","gold","proveedor_360","2026-03-13"
"zona_trans_direccion","object","89615","89602","99.99","3","false","gold","proveedor_360","2026-03-13"
"addr_group","string","2490793","0","0.0","9","false","bronze","ADRC","2026-03-13"
"extension2","string","2490793","2490793","100.0","0","false","bronze","ADRC","2026-03-13"
"time_zone","string","2490793","30","0.0","24","false","bronze","ADRC","2026-03-13"
"anred","string","628253","112","0.02","6","false","bronze","LFA1","2026-03-13"
"num_piso","float64","538370","538370","100.0","0","false","gold","proveedor_por_direcciones","2026-03-13"
"reg","object","546194","24","0.0","152","false","gold","proveedor_por_datos_bancarios","2026-03-13"
"pais","object","538370","0","0.0","39","false","gold","proveedor_por_direcciones","2026-03-13"
"ind_borr","object","546194","0","0.0","2","false","gold","proveedor_por_datos_bancarios","2026-03-13"
"name4","string","987340","197288","19.98","44101","false","bronze","LFA1","2026-03-17"
"adrnr","string","628253","0","0.0","89763","false","bronze","LFA1","2026-03-13"
"u_ciudad","object","89615","67","0.07","1364","false","gold","proveedor_360","2026-03-13"
"zona_trans","object","89615","89602","99.99","3","false","gold","proveedor_360","2026-03-13"
"ind_rec_alt_pgo","object","89615","0","0.0","2","false","gold","proveedor_360","2026-03-13"
"u_calle","object","89615","6","0.01","68485","false","gold","proveedor_360","2026-03-13"
"ext_1","object","89615","3649","4.07","4365","false","gold","proveedor_360","2026-03-13"
"ext_2","float64","89615","89615","100.0","0","false","gold","proveedor_360","2026-03-13"
"anred","string","987340","176","0.02","6","false","bronze","LFA1","2026-03-17"
"tratamiento","object","538370","96","0.02","6","false","gold","proveedor_por_direcciones","2026-03-13"
"ramo_id","object","538370","132","0.02","646","false","gold","proveedor_por_direcciones","2026-03-13"
"post_code2","string","2490793","2490793","100.0","0","false","bronze","ADRC","2026-03-13"
"post_code3","string","2490793","2490793","100.0","0","false","bronze","ADRC","2026-03-13"
"fityp","string","987340","242","0.02","25","false","bronze","LFA1","2026-03-17"
"stkzn","string","987340","798173","80.84","1","false","bronze","LFA1","2026-03-17"
"nom4","object","596228","119842","20.1","44076","false","gold","proveedor_por_sociedad","2026-03-13"
"num_linea","object","596228","18588","3.12","4384","false","gold","proveedor_por_sociedad","2026-03-13"
"pob","object","596228","420","0.07","1378","false","gold","proveedor_por_sociedad","2026-03-13"
"region","string","2490793","5226","0.21","156","false","bronze","ADRC","2026-03-13"
"deudor_id","object","89615","56688","63.26","32038","false","gold","proveedor_360","2026-03-13"
"num_recep_alt","object","89615","89527","99.9","73","false","gold","proveedor_360","2026-03-13"
"bloq_central","object","546194","0","0.0","2","false","gold","proveedor_por_datos_bancarios","2026-03-13"
"ind_version","float64","89615","89615","100.0","0","false","gold","proveedor_360","2026-03-13"
"land1","string","628253","0","0.0","39","false","bronze","LFA1","2026-03-13"
"lnrza","string","628253","627651","99.9","72","false","bronze","LFA1","2026-03-13"
"fec_hasta","object","89615","0","0.0","1","false","gold","proveedor_360","2026-03-13"
"tratamiento_direccion","object","89615","16","0.02","5","false","gold","proveedor_360","2026-03-13"
"nom1_direccion","object","89615","0","0.0","76579","false","gold","proveedor_360","2026-03-13"
"func_bloq","object","546194","421638","77.2","3","false","gold","proveedor_por_datos_bancarios","2026-03-13"
"centro","object","546194","546074","99.98","12","false","gold","proveedor_por_datos_bancarios","2026-03-13"
"gpo_esquema","object","538370","511506","95.01","1","false","gold","proveedor_por_direcciones","2026-03-13"
"clase_impto","object","538370","132","0.02","25","false","gold","proveedor_por_direcciones","2026-03-13"
"num_ban","object","546194","293985","53.82","34902","true","gold","proveedor_por_datos_bancarios","2026-03-13"
"fec_creacion","object","596228","0","0.0","4361","false","gold","proveedor_por_sociedad","2026-03-13"
"name2","string","628253","609682","97.04","1148","false","bronze","LFA1","2026-03-13"
"mc_street","string","2490793","10986","0.44","259225","false","bronze","ADRC","2026-03-13"
"pob1","object","538370","402","0.07","1379","true","gold","proveedor_por_direcciones","2026-03-13"
"dis2","float64","538370","538370","100.0","0","true","gold","proveedor_por_direcciones","2026-03-13"
"pcode3_ext","string","2490793","2490793","100.0","0","false","bronze","ADRC","2026-03-13"
"date_from","timestamp","2490793","2490793","100.0","0","false","bronze","ADRC","2026-03-13"
"nit","object","538370","30","0.01","76665","false","gold","proveedor_por_direcciones","2026-03-13"
"dir","object","538370","0","0.0","89763","false","gold","proveedor_por_direcciones","2026-03-13"
"tratamiento","object","546194","96","0.02","6","false","gold","proveedor_por_datos_bancarios","2026-03-13"
"plkal","string","987340","987340","100.0","0","false","bronze","LFA1","2026-03-17"
"nom3","object","89615","17734","19.79","24311","true","gold","proveedor_360","2026-03-13"
"nom4","object","89615","17870","19.94","44026","true","gold","proveedor_360","2026-03-13"
"pob","object","89615","67","0.07","1377","true","gold","proveedor_360","2026-03-13"
"reg","object","89615","4","0.0","152","true","gold","proveedor_360","2026-03-13"
"correo_dir","object","89615","0","0.0","2","false","gold","proveedor_360","2026-03-13"
"u_nom1","object","89615","0","0.0","76151","false","gold","proveedor_360","2026-03-13"
"usuario_crea","object","596228","0","0.0","34","false","gold","proveedor_por_sociedad","2026-03-13"
"sort1","string","2490793","56544","2.27","236495","false","bronze","ADRC","2026-03-13"
"sort2","string","2490793","318139","12.77","83385","false","bronze","ADRC","2026-03-13"
"func_bloq","object","538370","415583","77.19","3","false","gold","proveedor_por_direcciones","2026-03-13"
"post_code1","string","2490793","848879","34.08","1656","false","bronze","ADRC","2026-03-13"
"centro","object","538370","538286","99.98","12","false","gold","proveedor_por_direcciones","2026-03-13"
"adrnr","string","987340","0","0.0","89780","false","bronze","LFA1","2026-03-17"
"cod_pais_banc","object","546194","293985","53.82","1","false","gold","proveedor_por_datos_bancarios","2026-03-13"
"regio","string","987340","44","0.0","152","true","bronze","LFA1","2026-03-17"
"nom3","object","596228","118787","19.92","24368","false","gold","proveedor_por_sociedad","2026-03-13"
"name3","string","2490793","310857","12.48","63425","false","bronze","ADRC","2026-03-13"
"extension1","string","2490793","1952621","78.39","4399","false","bronze","ADRC","2026-03-13"
"tip_doc","object","538370","132","0.02","9","false","gold","proveedor_por_direcciones","2026-03-13"
"num_dir","object","538370","0","0.0","89763","false","gold","proveedor_por_direcciones","2026-03-13"
"name4","string","2490793","312550","12.55","121989","false","bronze","ADRC","2026-03-13"
"cod_postal_emp","float64","538370","538370","100.0","0","false","gold","proveedor_por_direcciones","2026-03-13"
"amp1_ext","float64","538370","538370","100.0","0","false","gold","proveedor_por_direcciones","2026-03-13"
"kunnr","string","628253","396711","63.15","32210","true","bronze","LFA1","2026-03-13"
"cta_dicorp","object","596228","191916","32.19","1048","false","gold","proveedor_por_sociedad","2026-03-13"
"calle_3","object","89615","89613","100.0","2","false","gold","proveedor_360","2026-03-13"
"calle_4","object","89615","89541","99.92","7","false","gold","proveedor_360","2026-03-13"
"bloq_compras","object","538370","0","0.0","2","false","gold","proveedor_por_direcciones","2026-03-13"
"idioma_id","object","538370","0","0.0","5","false","gold","proveedor_por_direcciones","2026-03-13"
"cod_postal_pob","object","538370","256892","47.72","1419","false","gold","proveedor_por_direcciones","2026-03-13"
"cod_postal_apdo","float64","538370","538370","100.0","0","true","gold","proveedor_por_direcciones","2026-03-13"
"name_co","string","2490793","1941920","77.96","68753","false","bronze","ADRC","2026-03-13"
"city1","string","2490793","6354","0.26","1628","true","bronze","ADRC","2026-03-13"
"roomnumber","string","2490793","1115710","44.79","193929","false","bronze","ADRC","2026-03-13"
"reg","object","596228","24","0.0","152","false","gold","proveedor_por_sociedad","2026-03-13"
"dlgrp","string","628253","596908","95.01","1","false","bronze","LFA1","2026-03-13"
"tel_number","string","2490793","196229","7.88","258988","true","bronze","ADRC","2026-03-13"
"nom3","object","546194","110543","20.24","24368","false","gold","proveedor_por_datos_bancarios","2026-03-13"
"nit","object","596228","30","0.01","76665","false","gold","proveedor_por_sociedad","2026-03-13"
"pob","object","546194","402","0.07","1378","false","gold","proveedor_por_datos_bancarios","2026-03-13"
"dir","object","596228","0","0.0","89763","false","gold","proveedor_por_sociedad","2026-03-13"
"qssys","string","987340","987340","100.0","0","false","bronze","LFA1","2026-03-17"
"nom3_direccion","object","538370","106709","19.82","24368","false","gold","proveedor_por_direcciones","2026-03-13"
"nom4_direccion","object","538370","107530","19.97","44076","false","gold","proveedor_por_direcciones","2026-03-13"
"zona_trans","object","596228","596150","99.99","3","false","gold","proveedor_por_sociedad","2026-03-13"
"con_busq_1","object","89615","5","0.01","76564","false","gold","proveedor_360","2026-03-13"
"con_busq_2","object","89615","22","0.02","52","false","gold","proveedor_360","2026-03-13"
"tel","object","89615","11924","13.31","62927","false","gold","proveedor_360","2026-03-13"
"ext_tel","object","89615","89519","99.89","63","false","gold","proveedor_360","2026-03-13"
"proveedor_id","object","596228","0","0.0","89763","false","gold","proveedor_por_sociedad","2026-03-13"
"nota","object","89615","55983","62.47","98","false","gold","proveedor_360","2026-03-13"
"gpo_tes","object","89615","36","0.04","37","false","gold","proveedor_360","2026-03-13"
"tpo_ban","object","546194","298698","54.69","27","false","gold","proveedor_por_datos_bancarios","2026-03-13"
"calle_5","object","89615","89612","100.0","2","false","gold","proveedor_360","2026-03-13"
"nit","object","89615","5","0.01","76548","true","gold","proveedor_360","2026-03-13"
"dir","object","89615","0","0.0","89605","true","gold","proveedor_360","2026-03-13"
"edificio","float64","89615","89615","100.0","0","false","gold","proveedor_360","2026-03-13"
"piso","float64","89615","89615","100.0","0","false","gold","proveedor_360","2026-03-13"
"num_piso","float64","89615","89615","100.0","0","false","gold","proveedor_360","2026-03-13"
"pais_id","object","546194","0","0.0","39","false","gold","proveedor_por_datos_bancarios","2026-03-13"
"brsch","string","987340","242","0.02","646","false","bronze","LFA1","2026-03-17"
"datlt","string","987340","32512","3.29","4370","false","bronze","LFA1","2026-03-17"
"gpo_dir","object","538370","0","0.0","1","false","gold","proveedor_por_direcciones","2026-03-13"
"con_busq_1","object","538370","30","0.01","76681","false","gold","proveedor_por_direcciones","2026-03-13"
"cta","object","89615","48986","54.66","40623","false","gold","proveedor_360","2026-03-13"
"cod_pais_banc","object","89615","48986","54.66","1","false","gold","proveedor_360","2026-03-13"
"building","string","2490793","1115710","44.79","183514","false","bronze","ADRC","2026-03-13"
"floor","string","2490793","2443459","98.1","122","false","bronze","ADRC","2026-03-13"
"correo","object","89615","54776","61.12","27844","false","gold","proveedor_360","2026-03-13"
"num_actual","float64","89615","54776","61.12","5","false","gold","proveedor_360","2026-03-13"
"correo2","object","89615","54776","61.12","27615","false","gold","proveedor_360","2026-03-13"
"deudor_id","object","596228","370103","62.07","32233","false","gold","proveedor_por_sociedad","2026-03-13"
"bloq_compras","object","89615","0","0.0","2","false","gold","proveedor_360","2026-03-13"
"idioma_id","object","89615","0","0.0","5","false","gold","proveedor_360","2026-03-13"
"nit_dv","object","89615","22","0.02","77962","true","gold","proveedor_360","2026-03-13"
"per_jur","object","89615","72458","80.85","1","false","gold","proveedor_360","2026-03-13"
"dml_status","string","987340","987340","100.0","0","false","bronze","LFA1","2026-03-17"
"delta_token","string","987340","987340","100.0","0","false","bronze","LFA1","2026-03-17"
"nom2","object","546194","529628","96.97","1145","false","gold","proveedor_por_datos_bancarios","2026-03-13"
"ort01","string","987340","737","0.07","1428","false","bronze","LFA1","2026-03-17"
"sociedad","object","596228","180","0.03","4","true","gold","proveedor_por_sociedad","2026-03-13"
"clav_ban","object","546194","293985","53.82","43","false","gold","proveedor_por_datos_bancarios","2026-03-13"
"idioma","object","538370","0","0.0","5","false","gold","proveedor_por_direcciones","2026-03-13"
"reg_direccion","object","538370","24","0.0","152","false","gold","proveedor_por_direcciones","2026-03-13"
"nom3","object","538370","106709","19.82","24368","true","gold","proveedor_por_direcciones","2026-03-13"
"nom4","object","538370","107530","19.97","44076","true","gold","proveedor_por_direcciones","2026-03-13"
"gpo_cta","object","546194","0","0.0","37","false","gold","proveedor_por_datos_bancarios","2026-03-13"
"func_bloq","object","89615","69292","77.32","3","false","gold","proveedor_360","2026-03-13"
"centro","object","89615","89601","99.98","12","false","gold","proveedor_360","2026-03-13"
"name2","string","987340","958152","97.04","1149","false","bronze","LFA1","2026-03-17"
"regss","boolean","987340","0","0.0","1","true","bronze","LFA1","2026-03-17"
"name3","string","987340","195777","19.83","24449","false","bronze","LFA1","2026-03-17"
"name1","string","2490793","52050","2.09","240921","false","bronze","ADRC","2026-03-13"
"name2","string","2490793","2459042","98.73","1542","false","bronze","ADRC","2026-03-13"
"regss","boolean","628253","0","0.0","1","true","bronze","LFA1","2026-03-13"
"name3","string","628253","124560","19.83","24444","false","bronze","LFA1","2026-03-13"
"addrnumber","string","2490793","0","0.0","415291","true","bronze","ADRC","2026-03-13"
"id_cta_prov","object","596228","180","0.03","89733","true","gold","proveedor_por_sociedad","2026-03-13"
